"","r_max","K","catch_multiplier_1","premodern_catch_multiplier_1","sample.N.obs","add_CV","sample_premodern_catch","Nmin","YearMin","violate_MVP","N2017","ROI_IA1","q_IA1","ROI_Count1","q_Count1","NLL.IAs","NLL.Count","NLL.N","NLL.GR","NLL","Likelihood","Max_Dep","status2017","draw","save"
"mean",0.084209116216469,24069.1880477213,1,-999,18661.8830336354,0,-999,867.76768442573,1951.6536,0,21243.9976308476,0,-9999,0,-9999,0,0,18.1102392348345,0,18.1102392348345,1.86845440005558e-08,0.0323421640317021,0.89000662575682,23582.4814,1
"median",0.0888717641797848,23492.6530125669,1,-999,18669.4054339314,0,-999,443.893401249284,1958,0,21379.9890530573,0,-9999,0,-9999,0,0,17.8294098500147,0,17.8294098500147,1.80628255083119e-08,0.0189095404855885,0.916612501977098,23646,1
"2.5%PI",0.0253253026810125,22252.4705567789,1,-999,16965.5879662372,0,-999,211.744846393809,1926,0,19194.965156312,0,-9999,0,-9999,0,0,17.0350882028862,0,17.0350882028862,1.02570758678265e-09,0.00946269935236674,0.65658844367963,1145.875,1
"97.5%PI",0.116750088931061,29514.2004421806,1,-999,20295.5051604076,0,-999,4235.84294736311,1968,0,22242.3258120075,0,-9999,0,-9999,0,0,20.6978831827619,0,20.6978831827619,3.99719370465735e-08,0.143834332441501,0.970512643627842,45893.525,1
"5%PI",0.0354091274711536,22308.7830317972,1,-999,17236.3743781229,0,-999,224.341562188978,1926,0,19844.3006201647,0,-9999,0,-9999,0,0,17.0765886223264,0,17.0765886223264,1.92841972617643e-09,0.0100247896983444,0.727333051551342,2430,1
"95%PI",0.115378439975437,27526.0025427541,1,-999,20052.9399798252,0,-999,2577.46925286055,1968,0,22098.3999923655,0,-9999,0,-9999,0,0,20.0665649772096,0,20.0665649772096,3.83470351536507e-08,0.0937768991871364,0.964617405507491,44790,1
"min",0.000329903093166649,22201.965660006,1,-999,15282.8415095573,0,-999,161.781333428626,1926,0,16513.7081912128,0,-9999,0,-9999,0,0,16.9826836946028,0,16.9826836946028,1.18722508606487e-11,0.007286608426073,0.351982231393316,17,1
"max",0.117991992395837,48608.8904760368,1,-999,21707.3399887886,0,-999,17978.8076626554,1968,0,23324.3607672992,0,-9999,0,-9999,0,0,25.1568172992813,0,25.1568172992813,4.21225043223231e-08,0.376334220657882,0.991090058692982,47130,1
"n",10000,10000,10000,10000,10000,10000,10000,10000,10000,10000,10000,10000,10000,10000,10000,10000,10000,10000,10000,10000,10000,10000,10000,10000,10000
