"","r_max","K","catch_multiplier_1","premodern_catch_multiplier_1","sample.N.obs","add_CV","sample_premodern_catch","Nmin","YearMin","violate_MVP","N2017","ROI_IA1","q_IA1","ROI_Count1","q_Count1","NLL.IAs","NLL.Count","NLL.N","NLL.GR","NLL","Likelihood","Max_Dep","status2017","draw","save"
"mean",0.0875931449927237,26332.4345972627,1,1,15468.8781806356,0,0.512202246619086,697.96499614541,1954.0761,0,22499.0525264124,0,-9999,0,-9999,0,0,17.643344925031,0,17.643344925031,2.9121257126262e-08,0.0237611627596223,0.864837909240684,20570.6542,1
"median",0.0930014912704937,25495.1300413332,1,1,15417.2140925657,0,0.508643351495266,386.620402305194,1958,0,22646.7123861412,0,-9999,0,-9999,0,0,17.3746379296555,0,17.3746379296555,2.84636520686497e-08,0.0151779121050689,0.8939610808773,20546,1
"2.5%PI",0.0327193574420642,23804.9954948287,1,1,13509.9769532681,0,0.0247567892074585,204.379581291188,1926,0,20153.921250891,0,-9999,0,-9999,0,0,16.6353249235076,0,16.6353249235076,1.83664594479465e-09,0.00848786526052915,0.606449071214864,980.925,1
"97.5%PI",0.116527147750289,33708.9413288747,1,1,17664.1473899363,0,0.974046392133459,2860.39794923301,1968,0,23740.967735995,0,-9999,0,-9999,0,0,20.115324824953,0,20.115324824953,5.96170086528074e-08,0.0862532367711615,0.958437172588776,39959,1
"5%PI",0.0418457672607154,23954.5559460708,1,1,13829.5948831365,0,0.0535394278005697,215.228547491578,1926,0,20801.0980269383,0,-9999,0,-9999,0,0,16.6943110523955,0,16.6943110523955,3.25672135127752e-09,0.0089389723166205,0.67662607779308,2074,1
"95%PI",0.115465441007633,31273.9064237215,1,1,17277.6403032534,0,0.952121783979237,1935.17551277231,1968,0,23575.2117397721,0,-9999,0,-9999,0,0,19.5425448840354,0,19.5425448840354,5.62021371946368e-08,0.0627421917183221,0.951912175578567,39067.9,1
"min",0.000608516044914722,23452.9701905384,1,1,11841.8839604128,0,0.000453815329819918,151.539499175932,1926,0,16122.2745901423,0,-9999,0,-9999,0,0,16.5374940193955,0,16.5374940193955,2.2053526259879e-12,0.00620288653051407,0.23510730906828,11,1
"max",0.117968649372924,79448.9879624233,1,1,20475.8809478953,0,0.999746362445876,19323.5358840421,1968,0,25319.9315552007,0,-9999,0,-9999,0,0,26.8401336987328,0,26.8401336987328,6.57442238856481e-08,0.278754646629697,0.98120232943413,41052,1
"n",10000,10000,10000,10000,10000,10000,10000,10000,10000,10000,10000,10000,10000,10000,10000,10000,10000,10000,10000,10000,10000,10000,10000,10000,10000
