"","r_max","K","catch_multiplier_1","premodern_catch_multiplier_1","sample.N.obs","add_CV","sample_premodern_catch","Nmin","YearMin","violate_MVP","N2017","ROI_IA1","q_IA1","ROI_Count1","q_Count1","NLL.IAs","NLL.Count","NLL.N","NLL.GR","NLL","Likelihood","Max_Dep","status2017","draw","save"
"mean",0.0869584709778258,26460.0005662457,1,1,15466.4898932504,0,0.504756884595496,773.913460646152,1957.0398,0,22499.4430251668,0,-9999,0,-9999,0,0,17.6460010082613,0,17.6460010082613,2.90543207156749e-08,0.0259258085685596,0.861677697119359,17512.7968,1
"median",0.0915911578289233,25569.4468980136,1,1,15449.9022698728,0,0.494062908925116,417.188911416951,1958,0,22649.7285370639,0,-9999,0,-9999,0,0,17.3603640376957,0,17.3603640376957,2.88728526579009e-08,0.0164327946836121,0.890248777504349,17374,1
"2.5%PI",0.0306323421333916,23778.021439242,1,1,13534.6113602194,0,0.0262228831881657,202.952607499091,1926,0,20147.4120951601,0,-9999,0,-9999,0,0,16.6487571113541,0,16.6487571113541,1.5851776084685e-09,0.00848712917571517,0.589088885653291,962,1
"97.5%PI",0.116633014758583,34595.3655649976,1,1,17694.8611272353,0,0.978511919046286,3484.41681030086,1968,0,23772.3957842816,0,-9999,0,-9999,0,0,20.2625727298065,0,20.2625727298065,5.88215759539911e-08,0.100947020259948,0.957321663827233,34089,1
"5%PI",0.0409520557206124,23936.4313462574,1,1,13849.3721466395,0,0.0540251946076751,215.220707357724,1926,0,20855.8066392786,0,-9999,0,-9999,0,0,16.689504121589,0,16.689504121589,3.00943646804744e-09,0.00890099728355156,0.669271691687804,1710,1
"95%PI",0.115290435344912,31537.842213195,1,1,17296.5619286231,0,0.957397648133337,2300.39369964286,1968,0,23588.0807669207,0,-9999,0,-9999,0,0,19.6215130034229,0,19.6215130034229,5.64729473406691e-08,0.0738962888953915,0.951438890807803,33155,1
"min",0.000217850319109857,23472.6135634521,1,1,12021.4108501095,0,0.000548470532521605,153.697232525003,1926,0,16935.5605649988,0,-9999,0,-9999,0,0,16.5424706094508,0,16.5424706094508,3.31251327983145e-11,0.00628534527589868,0.256068397940426,14,1
"max",0.117901822812855,68013.5607964645,1,1,19622.5370232714,0,0.999726878246292,17656.4028179168,1968,0,24960.1699065154,0,-9999,0,-9999,0,0,24.1307288226245,0,24.1307288226245,6.541785461149e-08,0.281708051466079,0.978371948575064,34971,1
"n",10000,10000,10000,10000,10000,10000,10000,10000,10000,10000,10000,10000,10000,10000,10000,10000,10000,10000,10000,10000,10000,10000,10000,10000,10000
