"","r_max","K","catch_multiplier_1","premodern_catch_multiplier_1","sample.N.obs","add_CV","sample_premodern_catch","Nmin","YearMin","violate_MVP","N2017","ROI_IA1","q_IA1","ROI_Count1","q_Count1","NLL.IAs","NLL.Count","NLL.N","NLL.GR","NLL","Likelihood","Max_Dep","status2017","draw","save"
"mean",0.0821752084711705,23523.2933070678,1,1,15838.5452782363,0,0.532131447372749,959.509863677943,1945.6149,0,20681.2324522377,0,-9999,0,-9999,0,0,18.4217090200808,0,18.4217090200808,1.29438652854527e-08,0.0364342124443179,0.893202580145396,19064.6977,1
"median",0.0871761952298693,22542.5551859607,1,1,15786.6081126267,0,0.54862339887768,647.814648863028,1926,0,20661.3942176773,0,-9999,0,-9999,0,0,18.1787131356291,0,18.1787131356291,1.2737529331547e-08,0.0289329503570249,0.929066046865525,19118,1
"2.5%PI",0.026347947410401,20569.230378988,1,1,13802.9178749362,0,0.0286531900055707,228.841096370606,1926,0,19339.0938439438,0,-9999,0,-9999,0,0,17.4284155085483,0,17.4284155085483,9.60725100112078e-10,0.0107917210758298,0.608412180641541,951,1
"97.5%PI",0.116466143412935,32672.5294647831,1,1,18061.1004410603,0,0.982464347966015,4051.6253342192,1968,0,22019.2443670737,0,-9999,0,-9999,0,0,20.7633328041157,0,20.7633328041157,2.69733766192742e-08,0.126250780177105,0.98207675749066,36851,1
"5%PI",0.0337410510986345,20763.7706834636,1,1,14086.6901693458,0,0.0625351878465153,244.463377844438,1926,0,19660.6078138932,0,-9999,0,-9999,0,0,17.4943624537918,0,17.4943624537918,1.76902168056786e-09,0.0116750212387019,0.683499546583855,1868,1
"95%PI",0.11506006981479,29638.7744471541,1,1,17662.309228495,0,0.959588477155194,2786.52410171139,1968,0,21775.3611252,0,-9999,0,-9999,0,0,20.1528392180393,0,20.1528392180393,2.52519500679868e-08,0.0938125738965167,0.97742015631944,35865,1
"min",0.0013482134277001,20147.2029667459,1,1,12224.5881747222,0,0.000588826136663556,176.101536718202,1926,0,16251.4119945142,0,-9999,0,-9999,0,0,17.3192052600642,0,17.3192052600642,5.40936090244028e-12,0.00839192262580367,0.269613931642758,5,1
"max",0.117998594291974,65248.8846222834,1,1,20452.2927661892,0,0.998905051965266,16505.614165135,1968,0,23622.7989589775,0,-9999,0,-9999,0,0,25.9428901626842,0,25.9428901626842,3.00860189423486e-08,0.317020288924982,0.998035560501637,37777,1
"n",10000,10000,10000,10000,10000,10000,10000,10000,10000,10000,10000,10000,10000,10000,10000,10000,10000,10000,10000,10000,10000,10000,10000,10000,10000
